brokenladder.js	0
brokenladder.js	2
brokenladder.js	4
brokenladder.js	6
brokenladder.js	8
brokenladder.js	10
brokenladder.js	12
brokenladder.js	14
brokenladder.js	16
brokenladder.js	18
brokenladder.js	20
brokenladder.js	22
brokenladder.js	24
brokenladder.js	26
brokenladder.js	28
brokenladder.js	30
brokenladder.js	32
brokenladder.js	34
brokenladder.js	36
brokenladder.js	38
brokenladder.js	40
brokenladder.js	42
brokenladder.js	44
brokenladder.js	46
brokenladder.js	48
brokenladder.js	50
brokenladder.js	52
brokenladder.js	54
brokenladder.js	56
brokenladder.js	58
brokenladder.js	60
brokenladder.js	62
brokenladder.js	64
brokenladder.js	66
brokenladder.js	68
brokenladder.js	70
brokenladder.js	72
brokenladder.js	74
brokenladder.js	76
brokenladder.js	78
brokenladder.js	80
brokenladder.js	82
brokenladder.js	84
brokenladder.js	86
brokenladder.js	88
brokenladder.js	90
brokenladder.js	92
brokenladder.js	94
brokenladder.js	96
brokenladder.js	98
brokenladder.js	100
brokenladder.js	102
brokenladder.js	104
brokenladder.js	106
brokenladder.js	108
brokenladder.js	110
brokenladder.js	112
brokenladder.js	114
brokenladder.js	116
brokenladder.js	118
brokenladder.js	120
brokenladder.js	122
brokenladder.js	124
brokenladder.js	126
brokenladder.js	128
brokenladder.js	130
brokenladder.js	132
brokenladder.js	134
brokenladder.js	136
brokenladder.js	138
brokenladder.js	140
brokenladder.js	142
brokenladder.js	144
brokenladder.js	146
brokenladder.js	148
brokenladder.js	150
brokenladder.js	152
brokenladder.js	154
brokenladder.js	156
brokenladder.js	158
brokenladder.js	160
brokenladder.js	162
brokenladder.js	164
brokenladder.js	166
brokenladder.js	168
brokenladder.js	170
brokenladder.js	172
brokenladder.js	174
brokenladder.js	176
brokenladder.js	178
brokenladder.js	180
brokenladder.js	182
brokenladder.js	184
brokenladder.js	186
brokenladder.js	188
brokenladder.js	190
brokenladder.js	192
brokenladder.js	194
brokenladder.js	196
brokenladder.js	198
brokenladder.js	200
brokenladder.js	202
brokenladder.js	204
brokenladder.js	206
brokenladder.js	208
brokenladder.js	210
brokenladder.js	212
brokenladder.js	214
brokenladder.js	216
brokenladder.js	218
brokenladder.js	220
brokenladder.js	222
brokenladder.js	224
brokenladder.js	226
brokenladder.js	228
brokenladder.js	230
brokenladder.js	232
brokenladder.js	234
brokenladder.js	236
brokenladder.js	238
brokenladder.js	240
brokenladder.js	242
brokenladder.js	244
brokenladder.js	246
brokenladder.js	248
brokenladder.js	250
brokenladder.js	252
brokenladder.js	254
brokenladder.js	256
brokenladder.js	258
brokenladder.js	260
brokenladder.js	262
brokenladder.js	264
brokenladder.js	266
brokenladder.js	268
brokenladder.js	270
brokenladder.js	272
brokenladder.js	274
brokenladder.js	276
brokenladder.js	278
brokenladder.js	280
brokenladder.js	282
brokenladder.js	284
brokenladder.js	286
brokenladder.js	288
brokenladder.js	290
brokenladder.js	292
brokenladder.js	294
brokenladder.js	296
brokenladder.js	298
brokenladder.js	300
brokenladder.js	302
brokenladder.js	304
brokenladder.js	306
brokenladder.js	308
brokenladder.js	310
brokenladder.js	312
brokenladder.js	314
brokenladder.js	316
brokenladder.js	318
brokenladder.js	320
brokenladder.js	322
brokenladder.js	324
[sound:brokenladder.js]	[sound:brokenladder.js]
