0	shuusaku.js
2	shuusaku.js
4	shuusaku.js
6	shuusaku.js
8	shuusaku.js
10	shuusaku.js
12	shuusaku.js
14	shuusaku.js
16	shuusaku.js
18	shuusaku.js
20	shuusaku.js
22	shuusaku.js
24	shuusaku.js
26	shuusaku.js
28	shuusaku.js
30	shuusaku.js
32	shuusaku.js
34	shuusaku.js
36	shuusaku.js
38	shuusaku.js
40	shuusaku.js
42	shuusaku.js
44	shuusaku.js
46	shuusaku.js
48	shuusaku.js
50	shuusaku.js
52	shuusaku.js
54	shuusaku.js
56	shuusaku.js
58	shuusaku.js
60	shuusaku.js
62	shuusaku.js
64	shuusaku.js
66	shuusaku.js
68	shuusaku.js
70	shuusaku.js
72	shuusaku.js
74	shuusaku.js
76	shuusaku.js
78	shuusaku.js
80	shuusaku.js
82	shuusaku.js
84	shuusaku.js
86	shuusaku.js
88	shuusaku.js
90	shuusaku.js
92	shuusaku.js
94	shuusaku.js
96	shuusaku.js
98	shuusaku.js
100	shuusaku.js
102	shuusaku.js
104	shuusaku.js
106	shuusaku.js
108	shuusaku.js
110	shuusaku.js
112	shuusaku.js
114	shuusaku.js
116	shuusaku.js
118	shuusaku.js
120	shuusaku.js
122	shuusaku.js
124	shuusaku.js
126	shuusaku.js
128	shuusaku.js
130	shuusaku.js
132	shuusaku.js
134	shuusaku.js
136	shuusaku.js
138	shuusaku.js
140	shuusaku.js
142	shuusaku.js
144	shuusaku.js
146	shuusaku.js
148	shuusaku.js
150	shuusaku.js
152	shuusaku.js
154	shuusaku.js
156	shuusaku.js
158	shuusaku.js
160	shuusaku.js
162	shuusaku.js
164	shuusaku.js
166	shuusaku.js
168	shuusaku.js
170	shuusaku.js
172	shuusaku.js
174	shuusaku.js
176	shuusaku.js
178	shuusaku.js
180	shuusaku.js
182	shuusaku.js
184	shuusaku.js
186	shuusaku.js
188	shuusaku.js
190	shuusaku.js
192	shuusaku.js
194	shuusaku.js
196	shuusaku.js
198	shuusaku.js
200	shuusaku.js
202	shuusaku.js
204	shuusaku.js
206	shuusaku.js
208	shuusaku.js
210	shuusaku.js
212	shuusaku.js
214	shuusaku.js
216	shuusaku.js
218	shuusaku.js
220	shuusaku.js
222	shuusaku.js
224	shuusaku.js
226	shuusaku.js
228	shuusaku.js
230	shuusaku.js
232	shuusaku.js
234	shuusaku.js
236	shuusaku.js
238	shuusaku.js
240	shuusaku.js
242	shuusaku.js
244	shuusaku.js
246	shuusaku.js
248	shuusaku.js
250	shuusaku.js
252	shuusaku.js
254	shuusaku.js
256	shuusaku.js
258	shuusaku.js
260	shuusaku.js
262	shuusaku.js
264	shuusaku.js
266	shuusaku.js
268	shuusaku.js
270	shuusaku.js
272	shuusaku.js
274	shuusaku.js
276	shuusaku.js
278	shuusaku.js
280	shuusaku.js
282	shuusaku.js
284	shuusaku.js
286	shuusaku.js
288	shuusaku.js
290	shuusaku.js
292	shuusaku.js
294	shuusaku.js
296	shuusaku.js
298	shuusaku.js
300	shuusaku.js
302	shuusaku.js
304	shuusaku.js
306	shuusaku.js
308	shuusaku.js
310	shuusaku.js
312	shuusaku.js
314	shuusaku.js
316	shuusaku.js
318	shuusaku.js
320	shuusaku.js
322	shuusaku.js
324	shuusaku.js
